bank_code,bank_name,customer_segment,service_category,service_key,service_name_original,channel,fee_nature,billing_unit,original_amount_ht,original_unit,amount_annual_ht,amount_per_operation_ht,amount_one_time_ht,amount_condition_ht,rate_pct,min_amount_ht,max_amount_ht,currency,tax_status,conditions,source_document,source_date,is_comparable,notes
ACCESS,Access Bank Cameroon,individual_salaried,Compte,initial_deposit_salary,Initial deposit - Individual employee,not_applicable,condition,not_applicable,,not_applicable,,,,0,,,,XAF,HT,,Conditions bancaires fusionnees Access Bank Cameroon Plc Q3 2026,2026-06-22,True,
ACCESS,Access Bank Cameroon,individual_non_salaried,Compte,initial_deposit_non_salary,Initial deposit - Individuals without a salary,not_applicable,condition,not_applicable,,not_applicable,,,,25000,,,,XAF,HT,,Conditions bancaires fusionnees Access Bank Cameroon Plc Q3 2026,2026-06-22,True,
ACCESS,Access Bank Cameroon,individual_student,Compte,initial_deposit_student,Initial Deposit - Student Savings Account,not_applicable,condition,not_applicable,,not_applicable,,,,5000,,,,XAF,HT,,Conditions bancaires fusionnees Access Bank Cameroon Plc Q3 2026,2026-06-22,True,
ACCESS,Access Bank Cameroon,all_individuals,Compte,account_maintenance,Account maintenance fees Free,not_applicable,recurring,annual,0,annual,0,,,,,,,XAF,HT,,Conditions bancaires fusionnees Access Bank Cameroon Plc Q3 2026,2026-06-22,True,
ACCESS,Access Bank Cameroon,all_individuals,Compte,account_closure,Account closure fee - Natural person,not_applicable,one_time,one_off,,one_off,,,5000,,,,,XAF,HT,,Conditions bancaires fusionnees Access Bank Cameroon Plc Q3 2026,2026-06-22,True,
ACCESS,Access Bank Cameroon,all_individuals,Compte,rib_issuance,Issuance of a bank identification statement Free,not_applicable,one_time,one_off,,one_off,,,0,,,,,XAF,HT,,Conditions bancaires fusionnees Access Bank Cameroon Plc Q3 2026,2026-06-22,True,
ACCESS,Access Bank Cameroon,all_individuals,Virement,local_transfer_internal,Local Transfer (between Access Accounts) Free,not_applicable,transactional,per_operation,,per_operation,,0,,,,,,XAF,HT,,Conditions bancaires fusionnees Access Bank Cameroon Plc Q3 2026,2026-06-22,True,
ACCESS,Access Bank Cameroon,all_individuals,Virement,local_transfer_systac,Interbank transfer Systac,branch,transactional,per_operation,,per_operation,,500,,,,,,XAF,HT,,Conditions bancaires fusionnees Access Bank Cameroon Plc Q3 2026,2026-06-22,True,
ACCESS,Access Bank Cameroon,all_individuals,Virement,local_transfer_syigma,Interbank transfer Sygma,branch,transactional,per_operation,,per_operation,,15000,,,,,,XAF,HT,,Conditions bancaires fusionnees Access Bank Cameroon Plc Q3 2026,2026-06-22,True,
ACCESS,Access Bank Cameroon,all_individuals,Retrait,atm_withdrawal_own_bank,Withdrawals with Access Bank ATMs Free,atm,transactional,per_operation,,per_operation,,0,,,,,,XAF,HT,,Conditions bancaires fusionnees Access Bank Cameroon Plc Q3 2026,2026-06-22,True,
ACCESS,Access Bank Cameroon,all_individuals,Retrait,atm_withdrawal_gimac,Local withdrawal ATM in CEMAC,atm,transactional,per_operation,,per_operation,,,,,1,500,1000,XAF,HT,1% max 1 000 FCFA min 500 FCFA,Conditions bancaires fusionnees Access Bank Cameroon Plc Q3 2026,2026-06-22,True,
ACCESS,Access Bank Cameroon,all_individuals,Carte,card_visa_classic_annual,VISA CLASSIC,not_applicable,recurring,annual,1500,monthly,18000,,,,,,,XAF,HT,,Conditions bancaires fusionnees Access Bank Cameroon Plc Q3 2026,2026-06-22,True,
ACCESS,Access Bank Cameroon,all_individuals,Carte,card_visa_gold_annual,VISA GOLD,not_applicable,recurring,annual,10000,monthly,120000,,,,,,,XAF,HT,,Conditions bancaires fusionnees Access Bank Cameroon Plc Q3 2026,2026-06-22,True,
ACCESS,Access Bank Cameroon,all_individuals,Banque à distance,sms_banking_subscription,E-ALERTS Subscription Free,digital,recurring,annual,0,annual,0,,,,,,,XAF,HT,,Conditions bancaires fusionnees Access Bank Cameroon Plc Q3 2026,2026-06-22,True,
ACCESS,Access Bank Cameroon,all_individuals,Chèque,cheque_bank_issue,Bank checks issuance fee,branch,transactional,per_operation,,per_operation,,3500,,,,,,XAF,HT,,Conditions bancaires fusionnees Access Bank Cameroon Plc Q3 2026,2026-06-22,True,
AFRILAND,Afriland First Bank,all_individuals,Compte,account_opening,Ouverture du compte chèque,not_applicable,one_time,one_off,,one_off,,,0,,,,,XAF,HT,,Conditions bancaires fusionnees Afriland First Bank 2026,2026-06-22,True,
AFRILAND,Afriland First Bank,individual_salaried,Compte,account_maintenance,Frais de tenue de compte - Compte chèque salarié,not_applicable,recurring,annual,0,annual,0,,,,,,,XAF,HT,,Conditions bancaires fusionnees Afriland First Bank 2026,2026-06-22,True,
AFRILAND,Afriland First Bank,all_individuals,Virement,local_transfer_internal,Virement émis sur nos caisses sur place,branch,transactional,per_operation,,per_operation,,0,,,,,,XAF,HT,,Conditions bancaires fusionnees Afriland First Bank 2026,2026-06-22,True,
AFRILAND,Afriland First Bank,all_individuals,Virement,local_transfer_systac,Virement émis SYSTAC en agence,branch,transactional,per_operation,,per_operation,,4000,,,,,,XAF,HT,,Conditions bancaires fusionnees Afriland First Bank 2026,2026-06-22,True,
AFRILAND,Afriland First Bank,all_individuals,Virement,local_transfer_systac,Virement SYSTAC en ligne E-FIRST,digital,transactional,per_operation,,per_operation,,0,,,,,,XAF,HT,Virement en ligne vers autres banques SYSTAC,Conditions bancaires fusionnees Afriland First Bank 2026,2026-06-22,True,
AFRILAND,Afriland First Bank,all_individuals,Virement,local_transfer_syigma,Frais virement émis SYGMA,branch,transactional,per_operation,,per_operation,,30000,,,,,,XAF,HT,,Conditions bancaires fusionnees Afriland First Bank 2026,2026-06-22,True,
AFRILAND,Afriland First Bank,all_individuals,Virement,standing_order_setup,Virement permanent - mise en place,not_applicable,one_time,one_off,,one_off,,,5000,,,,,XAF,HT,,Conditions bancaires fusionnees Afriland First Bank 2026,2026-06-22,True,
AFRILAND,Afriland First Bank,all_individuals,Retrait,atm_withdrawal_own_bank,Retrait de billets sur nos GABs,atm,transactional,per_operation,,per_operation,,0,,,,,,XAF,HT,,Conditions bancaires fusionnees Afriland First Bank 2026,2026-06-22,True,
AFRILAND,Afriland First Bank,all_individuals,Retrait,atm_withdrawal_gimac,Retrait de billets sur les GABs/DAB confrères,atm,transactional,per_operation,,per_operation,,500,,,,,,XAF,HT,GIMAC uniquement,Conditions bancaires fusionnees Afriland First Bank 2026,2026-06-22,True,
AFRILAND,Afriland First Bank,all_individuals,Carte,card_basic_annual,Carte Fellow,not_applicable,recurring,annual,6000,annual,6000,,,,,,,XAF,HT,,Conditions bancaires fusionnees Afriland First Bank 2026,2026-06-22,True,
AFRILAND,Afriland First Bank,all_individuals,Carte,card_visa_classic_annual,I-Card VISA Classic et MasterCard Debit,not_applicable,recurring,annual,40000,annual,40000,,,,,,,XAF,HT,,Conditions bancaires fusionnees Afriland First Bank 2026,2026-06-22,True,
AFRILAND,Afriland First Bank,all_individuals,Carte,card_visa_gold_annual,I-Card VISA Gold et MasterCard Gold,not_applicable,recurring,annual,70000,annual,70000,,,,,,,XAF,HT,,Conditions bancaires fusionnees Afriland First Bank 2026,2026-06-22,True,
AFRILAND,Afriland First Bank,all_individuals,Chèque,cheque_bank_issue,Chèque banque ordinaire sur compte client,branch,transactional,per_operation,,per_operation,,3000,,,,,,XAF,HT,,Conditions bancaires fusionnees Afriland First Bank 2026,2026-06-22,True,
AFRILAND,Afriland First Bank,all_individuals,Chèque,cheque_certification,Chèque certifié ordinaire,branch,transactional,per_operation,,per_operation,,2500,,,,,,XAF,HT,,Conditions bancaires fusionnees Afriland First Bank 2026,2026-06-22,True,
AFRILAND,Afriland First Bank,all_individuals,Banque à distance,internet_banking_subscription,E-FIRST compte courant,digital,recurring,annual,0,monthly,0,,,,,,,XAF,HT,,Conditions bancaires fusionnees Afriland First Bank 2026,2026-06-22,True,
AFRILAND,Afriland First Bank,all_individuals,Banque à distance,sms_banking_subscription,SMS FIRST,digital,recurring,annual,2000,monthly,24000,,,,,,,XAF,HT,,Conditions bancaires fusionnees Afriland First Bank 2026,2026-06-22,True,
BICEC,BICEC,all_individuals,Compte,account_opening,Ouverture d'un compte,not_applicable,one_time,one_off,,one_off,,,0,,,,,XAF,HT,,Conditions bancaires fusionnees BICEC Mars 2026,2026-06-22,True,
BICEC,BICEC,individual_salaried,Compte,initial_deposit_salary,Dépôt minimum à l'ouverture avec domiciliation de salaire,not_applicable,condition,not_applicable,,not_applicable,,,,10000,,,,XAF,HT,,Conditions bancaires fusionnees BICEC Mars 2026,2026-06-22,True,
BICEC,BICEC,individual_non_salaried,Compte,initial_deposit_non_salary,Dépôt minimum à l'ouverture sans domiciliation de salaire,not_applicable,condition,not_applicable,,not_applicable,,,,50000,,,,XAF,HT,,Conditions bancaires fusionnees BICEC Mars 2026,2026-06-22,True,
BICEC,BICEC,all_individuals,Compte,account_maintenance,Frais de tenue de compte à vue,not_applicable,recurring,annual,0,annual,0,,,,,,,XAF,HT,,Conditions bancaires fusionnees BICEC Mars 2026,2026-06-22,True,
BICEC,BICEC,all_individuals,Compte,account_closure,Clôture de compte à vue,not_applicable,one_time,one_off,,one_off,,,5000,,,,,XAF,HT,,Conditions bancaires fusionnees BICEC Mars 2026,2026-06-22,True,
BICEC,BICEC,all_individuals,Compte,rib_issuance,Édition de RIB,not_applicable,one_time,one_off,,one_off,,,0,,,,,XAF,HT,,Conditions bancaires fusionnees BICEC Mars 2026,2026-06-22,True,
BICEC,BICEC,all_individuals,Virement,local_transfer_internal,Virement de compte à compte BICEC,branch,transactional,per_operation,,per_operation,,0,,,,,,XAF,HT,,Conditions bancaires fusionnees BICEC Mars 2026,2026-06-22,True,
BICEC,BICEC,all_individuals,Virement,local_transfer_systac,Virement vers un confrère en agence,branch,transactional,per_operation,,per_operation,,8500,,,,,,XAF,HT,,Conditions bancaires fusionnees BICEC Mars 2026,2026-06-22,True,
BICEC,BICEC,all_individuals,Virement,local_transfer_systac,Virement vers un confrère via BICEC.COM,digital,transactional,per_operation,,per_operation,,500,,,,,,XAF,HT,,Conditions bancaires fusionnees BICEC Mars 2026,2026-06-22,True,
BICEC,BICEC,all_individuals,Virement,standing_order_setup,Virement permanent - mise en place / modification / suppression,not_applicable,one_time,one_off,,one_off,,,0,,,,,XAF,HT,,Conditions bancaires fusionnees BICEC Mars 2026,2026-06-22,True,
BICEC,BICEC,all_individuals,Retrait,atm_withdrawal_own_bank,Retrait par carte BICEC dans nos distributeurs,atm,transactional,per_operation,,per_operation,,0,,,,,,XAF,HT,,Conditions bancaires fusionnees BICEC Mars 2026,2026-06-22,True,
BICEC,BICEC,all_individuals,Retrait,atm_withdrawal_gimac,Retrait sur autre banque par carte GIMAC,atm,transactional,per_operation,,per_operation,,400,,,,,,XAF,HT,,Conditions bancaires fusionnees BICEC Mars 2026,2026-06-22,True,
BICEC,BICEC,all_individuals,Carte,card_gimac_annual,Express / Express GIMAC,not_applicable,recurring,annual,840,monthly,10080,,,,,,,XAF,HT,,Conditions bancaires fusionnees BICEC Mars 2026,2026-06-22,True,
BICEC,BICEC,all_individuals,Carte,card_visa_classic_annual,Visa Classic,not_applicable,recurring,annual,4200,monthly,50400,,,,,,,XAF,HT,,Conditions bancaires fusionnees BICEC Mars 2026,2026-06-22,True,
BICEC,BICEC,all_individuals,Carte,card_visa_gold_annual,Visa Gold,not_applicable,recurring,annual,7718,monthly,92616,,,,,,,XAF,HT,,Conditions bancaires fusionnees BICEC Mars 2026,2026-06-22,True,
BICEC,BICEC,all_individuals,Chèque,cheque_bank_issue,Chèque de banque,branch,transactional,per_operation,,per_operation,,5000,,,,,,XAF,HT,,Conditions bancaires fusionnees BICEC Mars 2026,2026-06-22,True,
BICEC,BICEC,all_individuals,Chèque,cheque_certification,Certification de chèque,branch,transactional,per_operation,,per_operation,,5000,,,,,,XAF,HT,,Conditions bancaires fusionnees BICEC Mars 2026,2026-06-22,True,
BICEC,BICEC,all_individuals,Chèque,cheque_opposition,Opposition sur chèque,branch,transactional,per_operation,,per_operation,,13500,,,,,,XAF,HT,,Conditions bancaires fusionnees BICEC Mars 2026,2026-06-22,True,
BICEC,BICEC,all_individuals,Banque à distance,internet_banking_subscription,BICEC.COM Option Classic,digital,recurring,annual,1750,monthly,21000,,,,,,,XAF,HT,,Conditions bancaires fusionnees BICEC Mars 2026,2026-06-22,True,
BICEC,BICEC,all_individuals,Banque à distance,mobile_banking_subscription,BIPAY souscription,digital,recurring,annual,0,annual,0,,,,,,,XAF,HT,,Conditions bancaires fusionnees BICEC Mars 2026,2026-06-22,True,
CCA,CCA-BANK,individual_salaried,Compte,initial_deposit_salary,Dépôt minimum à l'ouverture de compte courant avec domiciliation de salaire,not_applicable,condition,not_applicable,,not_applicable,,,,0,,,,XAF,HT,,Conditions bancaires fusionnees CCA-BANK T2 2026,2026-06-22,True,
CCA,CCA-BANK,individual_non_salaried,Compte,initial_deposit_non_salary,Dépôt minimum à l'ouverture de compte courant sans domiciliation de salaire,not_applicable,condition,not_applicable,,not_applicable,,,,25000,,,,XAF,HT,,Conditions bancaires fusionnees CCA-BANK T2 2026,2026-06-22,True,
CCA,CCA-BANK,individual_student,Compte,initial_deposit_student,CCA-STARTER - Dépôt initial,not_applicable,condition,not_applicable,,not_applicable,,,,8000,,,,XAF,HT,,Conditions bancaires fusionnees CCA-BANK T2 2026,2026-06-22,True,
CCA,CCA-BANK,all_individuals,Compte,account_maintenance,Frais de tenue de compte courant,not_applicable,recurring,annual,0,annual,0,,,,,,,XAF,HT,,Conditions bancaires fusionnees CCA-BANK T2 2026,2026-06-22,True,
CCA,CCA-BANK,all_individuals,Compte,account_closure,Clôture de compte à la demande du client,not_applicable,one_time,one_off,,one_off,,,5000,,,,,XAF,HT,,Conditions bancaires fusionnees CCA-BANK T2 2026,2026-06-22,True,
CCA,CCA-BANK,all_individuals,Compte,rib_issuance,Délivrance du relevé d'identité bancaire,not_applicable,one_time,one_off,,one_off,,,0,,,,,XAF,HT,,Conditions bancaires fusionnees CCA-BANK T2 2026,2026-06-22,True,
CCA,CCA-BANK,all_individuals,Virement,local_transfer_internal,Virement de compte à compte nos caisses,branch,transactional,per_operation,,per_operation,,0,,,,,,XAF,HT,,Conditions bancaires fusionnees CCA-BANK T2 2026,2026-06-22,True,
CCA,CCA-BANK,all_individuals,Virement,local_transfer_systac,Virement vers un confrère,branch,transactional,per_operation,,per_operation,,5000,,,,,,XAF,HT,,Conditions bancaires fusionnees CCA-BANK T2 2026,2026-06-22,True,
CCA,CCA-BANK,all_individuals,Virement,local_transfer_systac,Virement vers un confrère via C-Online,digital,transactional,per_operation,,per_operation,,3000,,,,,,XAF,HT,Via C-Online,Conditions bancaires fusionnees CCA-BANK T2 2026,2026-06-22,True,
CCA,CCA-BANK,all_individuals,Virement,local_transfer_syigma,Virement vers un confrère SYGMA,branch,transactional,per_operation,,per_operation,,25000,,,,,,XAF,HT,,Conditions bancaires fusionnees CCA-BANK T2 2026,2026-06-22,True,
CCA,CCA-BANK,all_individuals,Virement,standing_order_setup,Virement permanent - mise en place,not_applicable,one_time,one_off,,one_off,,,5000,,,,,XAF,HT,,Conditions bancaires fusionnees CCA-BANK T2 2026,2026-06-22,True,
CCA,CCA-BANK,all_individuals,Retrait,atm_withdrawal_own_bank,Retrait d'espèces sur DAB CCA-BANK,atm,transactional,per_operation,,per_operation,,0,,,,,,XAF,HT,,Conditions bancaires fusionnees CCA-BANK T2 2026,2026-06-22,True,
CCA,CCA-BANK,all_individuals,Retrait,atm_withdrawal_gimac,Retrait d'espèces sur DAB réseau GIMAC autre banque,atm,transactional,per_operation,,per_operation,,,,,1,500,1000,XAF,HT,500 < 1% < 1000,Conditions bancaires fusionnees CCA-BANK T2 2026,2026-06-22,True,
CCA,CCA-BANK,all_individuals,Carte,card_gimac_annual,Carte Cauris GIMAC,not_applicable,recurring,annual,8000,annual,8000,,,,,,,XAF,HT,,Conditions bancaires fusionnees CCA-BANK T2 2026,2026-06-22,True,
CCA,CCA-BANK,all_individuals,Carte,card_visa_classic_annual,VISA EQUILIBRE (CLASSIC),not_applicable,recurring,annual,30000,annual,30000,,,,,,,XAF,HT,,Conditions bancaires fusionnees CCA-BANK T2 2026,2026-06-22,True,
CCA,CCA-BANK,all_individuals,Chèque,cheque_bank_issue,Émission chèque de banque,branch,transactional,per_operation,,per_operation,,5000,,,,,,XAF,HT,24 heures,Conditions bancaires fusionnees CCA-BANK T2 2026,2026-06-22,True,
CCA,CCA-BANK,all_individuals,Chèque,cheque_certification,Certification de chèques,branch,transactional,per_operation,,per_operation,,5000,,,,,,XAF,HT,24 heures,Conditions bancaires fusionnees CCA-BANK T2 2026,2026-06-22,True,
CCA,CCA-BANK,all_individuals,Banque à distance,internet_banking_subscription,Abonnement C-Online particulier,digital,recurring,annual,1500,monthly,18000,,,,,,,XAF,HT,,Conditions bancaires fusionnees CCA-BANK T2 2026,2026-06-22,True,
CCA,CCA-BANK,all_individuals,Banque à distance,sms_banking_subscription,C-Alert / SMS Banking,digital,recurring,annual,0,annual,0,,,,,,,XAF,HT,,Conditions bancaires fusionnees CCA-BANK T2 2026,2026-06-22,True,
CCA,CCA-BANK,individual_student,Package,package_student_monthly,STUDENT BANKING CCA STARTER,not_applicable,recurring,annual,500,monthly,6000,,,,,,,XAF,HT,,Conditions bancaires fusionnees CCA-BANK T2 2026,2026-06-22,True,
CBC,Commercial Bank Cameroon,all_individuals,Compte,account_opening,Ouverture de compte,not_applicable,one_time,one_off,,one_off,,,0,,,,,XAF,HT,,Tarification Commercial Bank Cameroun Particulier,2026-06-22,True,
CBC,Commercial Bank Cameroon,individual_salaried,Compte,initial_deposit_salary,Dépôt initial particuliers salariés,not_applicable,condition,not_applicable,,not_applicable,,,,0,,,,XAF,HT,,Tarification Commercial Bank Cameroun Particulier,2026-06-22,True,
CBC,Commercial Bank Cameroon,individual_non_salaried,Compte,initial_deposit_non_salary,Dépôt initial particuliers non salariés,not_applicable,condition,not_applicable,,not_applicable,,,,50000,,,,XAF,HT,,Tarification Commercial Bank Cameroun Particulier,2026-06-22,True,
CBC,Commercial Bank Cameroon,all_individuals,Compte,account_maintenance,Frais de tenue de compte,not_applicable,recurring,annual,0,annual,0,,,,,,,XAF,HT,,Tarification Commercial Bank Cameroun Particulier,2026-06-22,True,
CBC,Commercial Bank Cameroon,all_individuals,Compte,account_closure,Frais de clôture de compte,not_applicable,one_time,one_off,,one_off,,,5000,,,,,XAF,HT,,Tarification Commercial Bank Cameroun Particulier,2026-06-22,True,
CBC,Commercial Bank Cameroon,all_individuals,Virement,local_transfer_internal,Virement interne - frais d'exécution SP,branch,transactional,per_operation,,per_operation,,0,,,,,,XAF,HT,,Tarification Commercial Bank Cameroun Particulier,2026-06-22,True,
CBC,Commercial Bank Cameroon,all_individuals,Virement,local_transfer_systac,Virements SYSTAC,branch,transactional,per_operation,,per_operation,,5000,,,,,,XAF,HT,,Tarification Commercial Bank Cameroun Particulier,2026-06-22,True,
CBC,Commercial Bank Cameroon,all_individuals,Virement,local_transfer_systac,Virement SYSTAC via CB-Online,digital,transactional,per_operation,,per_operation,,100,,,,,,XAF,HT,Montant inférieur à 100 millions,Tarification Commercial Bank Cameroun Particulier,2026-06-22,True,
CBC,Commercial Bank Cameroon,all_individuals,Virement,local_transfer_syigma,Virements SYGMA,branch,transactional,per_operation,,per_operation,,20000,,,,,,XAF,HT,,Tarification Commercial Bank Cameroun Particulier,2026-06-22,True,
CBC,Commercial Bank Cameroon,all_individuals,Virement,standing_order_setup,Virements permanents / différés - mise en place,not_applicable,one_time,one_off,,one_off,,,5000,,,,,XAF,HT,,Tarification Commercial Bank Cameroun Particulier,2026-06-22,True,
CBC,Commercial Bank Cameroon,all_individuals,Virement,standing_order_execution,Virements permanents / différés - exécution,not_applicable,transactional,per_operation,,per_operation,,0,,,,,,XAF,HT,,Tarification Commercial Bank Cameroun Particulier,2026-06-22,True,
CBC,Commercial Bank Cameroon,all_individuals,Retrait,atm_withdrawal_own_bank,Retrait sur GAB CBC,atm,transactional,per_operation,,per_operation,,0,,,,,,XAF,HT,,Tarification Commercial Bank Cameroun Particulier,2026-06-22,True,
CBC,Commercial Bank Cameroon,all_individuals,Retrait,atm_withdrawal_gimac,Frais retrait GAB confrère CEMAC,atm,transactional,per_operation,,per_operation,,,,,1,500,1000,XAF,HT,500 < 1% <= 1000,Tarification Commercial Bank Cameroun Particulier,2026-06-22,True,
CBC,Commercial Bank Cameroon,all_individuals,Carte,card_gimac_annual,Carte GIMAC,not_applicable,recurring,annual,10000,annual,10000,,,,,,,XAF,HT,,Tarification Commercial Bank Cameroun Particulier,2026-06-22,True,
CBC,Commercial Bank Cameroon,all_individuals,Carte,card_visa_classic_annual,VISA CLASSIC,not_applicable,recurring,annual,25000,annual,25000,,,,,,,XAF,HT,,Tarification Commercial Bank Cameroun Particulier,2026-06-22,True,
CBC,Commercial Bank Cameroon,all_individuals,Carte,card_visa_gold_annual,CARTE VISA GOLD,not_applicable,recurring,annual,100000,annual,100000,,,,,,,XAF,HT,,Tarification Commercial Bank Cameroun Particulier,2026-06-22,True,
CBC,Commercial Bank Cameroon,all_individuals,Chèque,cheque_bank_issue,Chèque de banque - agence du compte,branch,transactional,per_operation,,per_operation,,5000,,,,,,XAF,HT,,Tarification Commercial Bank Cameroun Particulier,2026-06-22,True,
CBC,Commercial Bank Cameroon,all_individuals,Chèque,cheque_certification,Certification de chèque sur place,branch,transactional,per_operation,,per_operation,,3500,,,,,,XAF,HT,,Tarification Commercial Bank Cameroun Particulier,2026-06-22,True,
CBC,Commercial Bank Cameroon,all_individuals,Banque à distance,internet_banking_subscription,Abonnement mensuel BASIC CB-ONLINE,digital,recurring,annual,1000,monthly,12000,,,,,,,XAF,HT,,Tarification Commercial Bank Cameroun Particulier,2026-06-22,True,
CBC,Commercial Bank Cameroon,all_individuals,Banque à distance,sms_banking_subscription,Frais CBC INFOS (Alerte / Consultation solde),digital,recurring,annual,500,monthly,6000,,,,,,,XAF,HT,,Tarification Commercial Bank Cameroun Particulier,2026-06-22,True,
CBC,Commercial Bank Cameroon,individual_student,Package,package_student_monthly,Abonnement Etudiant,not_applicable,recurring,annual,0,annual,0,,,,,,,XAF,HT,,Tarification Commercial Bank Cameroun Particulier,2026-06-22,True,
SCB,SCB Cameroun,all_individuals,Virement,local_transfer_internal,Virement e-banknet en faveur client SCB,digital,transactional,per_operation,,per_operation,,0,,,,,,XAF,HT,,Conditions bancaires fusionnees SCB Cameroun Avril 2026,2026-06-22,True,
SCB,SCB Cameroun,all_individuals,Virement,local_transfer_systac,Virement e-banknet faveur client confrère,digital,transactional,per_operation,,per_operation,,250,,,,,,XAF,HT,,Conditions bancaires fusionnees SCB Cameroun Avril 2026,2026-06-22,True,
SCB,SCB Cameroun,all_individuals,Virement,local_transfer_systac,Virement manuel occasionnel faveur bénéficiaire confrère,branch,transactional,per_operation,,per_operation,,7000,,,,,,XAF,HT,Par ligne bénéficiaire,Conditions bancaires fusionnees SCB Cameroun Avril 2026,2026-06-22,True,
SCB,SCB Cameroun,all_individuals,Virement,standing_order_setup,Virement permanent (ouverture),not_applicable,one_time,one_off,,one_off,,,3500,,,,,XAF,HT,,Conditions bancaires fusionnees SCB Cameroun Avril 2026,2026-06-22,True,
SCB,SCB Cameroun,all_individuals,Virement,standing_order_execution,Traitement du virement permanent,not_applicable,transactional,per_operation,,per_operation,,500,,,,,,XAF,HT,,Conditions bancaires fusionnees SCB Cameroun Avril 2026,2026-06-22,True,
SCB,SCB Cameroun,all_individuals,Retrait,atm_withdrawal_own_bank,Retrait automate SCB,atm,transactional,per_operation,,per_operation,,0,,,,,,XAF,HT,,Conditions bancaires fusionnees SCB Cameroun Avril 2026,2026-06-22,True,
SCB,SCB Cameroun,all_individuals,Carte,card_gimac_annual,GIMAC Electrik,not_applicable,recurring,annual,1006,monthly,12072,,,,,,,XAF,HT,,Conditions bancaires fusionnees SCB Cameroun Avril 2026,2026-06-22,True,
SCB,SCB Cameroun,all_individuals,Carte,card_basic_annual,Aisance Mastercard,not_applicable,recurring,annual,1425,monthly,17100,,,,,,,XAF,HT,,Conditions bancaires fusionnees SCB Cameroun Avril 2026,2026-06-22,True,
SCB,SCB Cameroun,all_individuals,Chèque,cheque_bank_issue,Émission chèque de banque,branch,transactional,per_operation,,per_operation,,3500,,,,,,XAF,HT,,Conditions bancaires fusionnees SCB Cameroun Avril 2026,2026-06-22,True,
SCB,SCB Cameroun,all_individuals,Banque à distance,internet_banking_subscription,E-Banknet,digital,recurring,annual,5000,quarterly,20000,,,,,,,XAF,HT,,Conditions bancaires fusionnees SCB Cameroun Avril 2026,2026-06-22,True,
SCB,SCB Cameroun,all_individuals,Banque à distance,sms_banking_subscription,Avertis,digital,recurring,annual,1250,monthly,15000,,,,,,,XAF,HT,,Conditions bancaires fusionnees SCB Cameroun Avril 2026,2026-06-22,True,
SGC,Société Générale Cameroun,all_individuals,Compte,account_opening,Ouverture de compte,not_applicable,one_time,one_off,,one_off,,,0,,,,,XAF,HT,,Conditions tarifaires Societe Generale Cameroun,2026-06-22,True,
SGC,Société Générale Cameroun,individual_salaried,Compte,initial_deposit_salary,Dépôt minimum à l'ouverture avec domiciliation de salaire,not_applicable,condition,not_applicable,,not_applicable,,,,0,,,,XAF,HT,,Conditions tarifaires Societe Generale Cameroun,2026-06-22,True,
SGC,Société Générale Cameroun,individual_non_salaried,Compte,initial_deposit_non_salary,Dépôt minimum à l'ouverture sans domiciliation de salaire,not_applicable,condition,not_applicable,,not_applicable,,,,50000,,,,XAF,HT,,Conditions tarifaires Societe Generale Cameroun,2026-06-22,True,
SGC,Société Générale Cameroun,all_individuals,Compte,account_maintenance,Frais de tenue de compte,not_applicable,recurring,annual,0,annual,0,,,,,,,XAF,HT,,Conditions tarifaires Societe Generale Cameroun,2026-06-22,True,
SGC,Société Générale Cameroun,all_individuals,Compte,account_closure,Frais de fermeture de compte à la demande du client,not_applicable,one_time,one_off,,one_off,,,5000,,,,,XAF,HT,,Conditions tarifaires Societe Generale Cameroun,2026-06-22,True,
SGC,Société Générale Cameroun,all_individuals,Compte,rib_issuance,Délivrance du relevé d'identité bancaire,not_applicable,one_time,one_off,,one_off,,,0,,,,,XAF,HT,,Conditions tarifaires Societe Generale Cameroun,2026-06-22,True,
SGC,Société Générale Cameroun,all_individuals,Virement,local_transfer_internal,Virement de compte à compte SG Cameroun,not_applicable,transactional,per_operation,,per_operation,,0,,,,,,XAF,HT,,Conditions tarifaires Societe Generale Cameroun,2026-06-22,True,
SGC,Société Générale Cameroun,all_individuals,Virement,local_transfer_systac,Virement vers un confrère via SG CONNECT,digital,transactional,per_operation,,per_operation,,1000,,,,,,XAF,HT,Tranche 0 à 999 000 XAF,Conditions tarifaires Societe Generale Cameroun,2026-06-22,True,
SGC,Société Générale Cameroun,all_individuals,Virement,local_transfer_systac,Virement vers un confrère papier,branch,transactional,per_operation,,per_operation,,10000,,,,,,XAF,HT,,Conditions tarifaires Societe Generale Cameroun,2026-06-22,True,
SGC,Société Générale Cameroun,all_individuals,Virement,standing_order_setup,Frais d'ouverture virement permanent,not_applicable,one_time,one_off,,one_off,,,5000,,,,,XAF,HT,,Conditions tarifaires Societe Generale Cameroun,2026-06-22,True,
SGC,Société Générale Cameroun,all_individuals,Virement,standing_order_execution,Traitement du virement permanent,not_applicable,transactional,per_operation,,per_operation,,500,,,,,,XAF,HT,Hors port et confrère,Conditions tarifaires Societe Generale Cameroun,2026-06-22,True,
SGC,Société Générale Cameroun,all_individuals,Retrait,atm_withdrawal_own_bank,Retrait par carte dans les distributeurs SG Cameroun,atm,transactional,per_operation,,per_operation,,0,,,,,,XAF,HT,,Conditions tarifaires Societe Generale Cameroun,2026-06-22,True,
SGC,Société Générale Cameroun,all_individuals,Retrait,atm_withdrawal_gimac,Retrait par carte dans les distributeurs CEMAC,atm,transactional,per_operation,,per_operation,,1000,,,,,,XAF,HT,,Conditions tarifaires Societe Generale Cameroun,2026-06-22,True,
SGC,Société Générale Cameroun,all_individuals,Carte,card_visa_classic_annual,VISA CLASSIC,not_applicable,recurring,annual,4000,monthly,48000,,,,,,,XAF,HT,,Conditions tarifaires Societe Generale Cameroun,2026-06-22,True,
SGC,Société Générale Cameroun,all_individuals,Carte,card_visa_gold_annual,VISA PREMIER,not_applicable,recurring,annual,7300,monthly,87600,,,,,,,XAF,HT,,Conditions tarifaires Societe Generale Cameroun,2026-06-22,True,Carte haut de gamme assimilée à Visa Gold dans le benchmark
SGC,Société Générale Cameroun,all_individuals,Banque à distance,internet_banking_subscription,Abonnement SG CAM CONNECT PACKAGE,digital,recurring,annual,1000,monthly,12000,,,,,,,XAF,HT,,Conditions tarifaires Societe Generale Cameroun,2026-06-22,True,
SGC,Société Générale Cameroun,all_individuals,Banque à distance,sms_banking_subscription,MESSALIA NEW VERSION SMS,digital,recurring,annual,1000,monthly,12000,,,,,,,XAF,HT,,Conditions tarifaires Societe Generale Cameroun,2026-06-22,True,
UBA,UBA Cameroun,all_individuals,Compte,account_opening,Ouverture de compte,not_applicable,one_time,one_off,,one_off,,,0,,,,,XAF,HT,,Conditions bancaires fusionnees UBA Q3 2026,2026-06-22,True,
UBA,UBA Cameroun,individual_salaried,Compte,initial_deposit_salary,Dépôt initial salariés,not_applicable,condition,not_applicable,,not_applicable,,,,0,,,,XAF,HT,,Conditions bancaires fusionnees UBA Q3 2026,2026-06-22,True,
UBA,UBA Cameroun,individual_non_salaried,Compte,initial_deposit_non_salary,Dépôt initial non salariés,not_applicable,condition,not_applicable,,not_applicable,,,,10000,,,,XAF,HT,,Conditions bancaires fusionnees UBA Q3 2026,2026-06-22,True,
UBA,UBA Cameroun,individual_student,Compte,initial_deposit_student,Dépôt initial étudiants,not_applicable,condition,not_applicable,,not_applicable,,,,5000,,,,XAF,HT,,Conditions bancaires fusionnees UBA Q3 2026,2026-06-22,True,
UBA,UBA Cameroun,all_individuals,Compte,account_maintenance,Frais de tenue de compte particuliers,not_applicable,recurring,annual,0,annual,0,,,,,,,XAF,HT,,Conditions bancaires fusionnees UBA Q3 2026,2026-06-22,True,
UBA,UBA Cameroun,all_individuals,Compte,account_closure,Frais de clôture particuliers,not_applicable,one_time,one_off,,one_off,,,5000,,,,,XAF,HT,,Conditions bancaires fusionnees UBA Q3 2026,2026-06-22,True,
UBA,UBA Cameroun,all_individuals,Compte,rib_issuance,Relevé d'identité bancaire,not_applicable,one_time,one_off,,one_off,,,0,,,,,XAF,HT,,Conditions bancaires fusionnees UBA Q3 2026,2026-06-22,True,
UBA,UBA Cameroun,all_individuals,Virement,local_transfer_internal,Virement de compte à compte,not_applicable,transactional,per_operation,,per_operation,,0,,,,,,XAF,HT,,Conditions bancaires fusionnees UBA Q3 2026,2026-06-22,True,
UBA,UBA Cameroun,all_individuals,Virement,local_transfer_systac,Virement interbancaire SYSTAC,branch,transactional,per_operation,,per_operation,,5000,,,,,,XAF,HT,,Conditions bancaires fusionnees UBA Q3 2026,2026-06-22,True,
UBA,UBA Cameroun,all_individuals,Virement,local_transfer_systac,Virement interbanque via banque à distance,digital,transactional,per_operation,,per_operation,,500,,,,,,XAF,HT,Via internet banking / mobile banking,Conditions bancaires fusionnees UBA Q3 2026,2026-06-22,True,
UBA,UBA Cameroun,all_individuals,Virement,local_transfer_syigma,Virement interbancaire SYGMA,branch,transactional,per_operation,,per_operation,,25000,,,,,,XAF,HT,,Conditions bancaires fusionnees UBA Q3 2026,2026-06-22,True,
UBA,UBA Cameroun,all_individuals,Virement,standing_order_setup,Mise en place virement permanent,not_applicable,one_time,one_off,,one_off,,,2500,,,,,XAF,HT,En faveur de soi-même ou de son enfant / conjoint,Conditions bancaires fusionnees UBA Q3 2026,2026-06-22,True,
UBA,UBA Cameroun,all_individuals,Retrait,atm_withdrawal_own_bank,Retrait domestique via GAB/DAB UBA,atm,transactional,per_operation,,per_operation,,0,,,,,,XAF,HT,,Conditions bancaires fusionnees UBA Q3 2026,2026-06-22,True,
UBA,UBA Cameroun,all_individuals,Retrait,atm_withdrawal_gimac,Retrait domestique via GAB/DAB autres banques,atm,transactional,per_operation,,per_operation,,400,,,,,1000,XAF,HT,400 FCFA max 1 000 FCFA,Conditions bancaires fusionnees UBA Q3 2026,2026-06-22,True,
UBA,UBA Cameroun,all_individuals,Carte,card_visa_classic_annual,Visa Classic,not_applicable,recurring,annual,3000,monthly,36000,,,,,,,XAF,HT,,Conditions bancaires fusionnees UBA Q3 2026,2026-06-22,True,
UBA,UBA Cameroun,all_individuals,Carte,card_visa_gold_annual,Visa Gold,not_applicable,recurring,annual,12500,monthly,150000,,,,,,,XAF,HT,,Conditions bancaires fusionnees UBA Q3 2026,2026-06-22,True,
UBA,UBA Cameroun,all_individuals,Chèque,cheque_bank_issue,Émission chèque de banque,branch,transactional,per_operation,,per_operation,,3500,,,,,,XAF,HT,,Conditions bancaires fusionnees UBA Q3 2026,2026-06-22,True,
UBA,UBA Cameroun,all_individuals,Chèque,cheque_certification,Chèque certifié - frais d'émission,branch,transactional,per_operation,,per_operation,,5000,,,,,,XAF,HT,,Conditions bancaires fusionnees UBA Q3 2026,2026-06-22,True,
UBA,UBA Cameroun,all_individuals,Chèque,cheque_opposition,Opposition au paiement - émetteur,branch,transactional,per_operation,,per_operation,,10000,,,,,,XAF,HT,,Conditions bancaires fusionnees UBA Q3 2026,2026-06-22,True,
UBA,UBA Cameroun,all_individuals,Banque à distance,internet_banking_subscription,Internet Banking particuliers,digital,recurring,annual,1000,monthly,12000,,,,,,,XAF,HT,,Conditions bancaires fusionnees UBA Q3 2026,2026-06-22,True,
UBA,UBA Cameroun,all_individuals,Banque à distance,sms_banking_subscription,Alertes SMS,digital,recurring,annual,0,annual,0,,,,,,,XAF,HT,,Conditions bancaires fusionnees UBA Q3 2026,2026-06-22,True,
AGB,Africa Golden Bank,all_individuals,Compte,account_opening,Ouverture de compte,not_applicable,one_time,one_off,,one_off,,,0,,,,,XAF,HT,,Conditions tarifaires Africa Golden Bank,2026-06-22,True,
AGB,Africa Golden Bank,individual_salaried,Compte,initial_deposit_salary,Ouverture de compte - particuliers salariés,not_applicable,condition,not_applicable,,not_applicable,,,,0,,,,XAF,HT,,Conditions tarifaires Africa Golden Bank,2026-06-22,True,
AGB,Africa Golden Bank,individual_non_salaried,Compte,initial_deposit_non_salary,Ouverture de compte - particuliers non-salariés,not_applicable,condition,not_applicable,,not_applicable,,,,50000,,,,XAF,HT,,Conditions tarifaires Africa Golden Bank,2026-06-22,True,
AGB,Africa Golden Bank,all_individuals,Compte,account_maintenance,Frais de tenue de compte,not_applicable,recurring,annual,0,annual,0,,,,,,,XAF,HT,,Conditions tarifaires Africa Golden Bank,2026-06-22,True,
AGB,Africa Golden Bank,all_individuals,Compte,account_closure,Clôture de compte,not_applicable,one_time,one_off,,one_off,,,5000,,,,,XAF,HT,,Conditions tarifaires Africa Golden Bank,2026-06-22,True,
AGB,Africa Golden Bank,all_individuals,Compte,rib_issuance,Délivrance du RIB,not_applicable,one_time,one_off,,one_off,,,0,,,,,XAF,HT,,Conditions tarifaires Africa Golden Bank,2026-06-22,True,
AGB,Africa Golden Bank,all_individuals,Virement,local_transfer_internal,Virement de compte à compte,not_applicable,transactional,per_operation,,per_operation,,0,,,,,,XAF,HT,,Conditions tarifaires Africa Golden Bank,2026-06-22,True,
AGB,Africa Golden Bank,all_individuals,Virement,local_transfer_systac,Virement SYSTAC émis,branch,transactional,per_operation,,per_operation,,4000,,,,,,XAF,HT,,Conditions tarifaires Africa Golden Bank,2026-06-22,True,
AGB,Africa Golden Bank,all_individuals,Virement,local_transfer_syigma,Virement SYGMA émis,branch,transactional,per_operation,,per_operation,,25000,,,,,,XAF,HT,,Conditions tarifaires Africa Golden Bank,2026-06-22,True,
AGB,Africa Golden Bank,all_individuals,Virement,standing_order_setup,Mise en place du virement,not_applicable,one_time,one_off,,one_off,,,5000,,,,,XAF,HT,,Conditions tarifaires Africa Golden Bank,2026-06-22,True,
AGB,Africa Golden Bank,all_individuals,Retrait,atm_withdrawal_own_bank,Retrait sur GAB de l'établissement,atm,transactional,per_operation,,per_operation,,0,,,,,,XAF,HT,,Conditions tarifaires Africa Golden Bank,2026-06-22,True,
AGB,Africa Golden Bank,all_individuals,Retrait,atm_withdrawal_gimac,Retrait d'espèces sur GAB confrères GIMAC,atm,transactional,per_operation,,per_operation,,,,,1,500,,XAF,HT,1% min 500 XAF,Conditions tarifaires Africa Golden Bank,2026-06-22,True,
AGB,Africa Golden Bank,all_individuals,Carte,card_basic_annual,Carte Access,not_applicable,recurring,annual,8000,annual,8000,,,,,,,XAF,HT,,Conditions tarifaires Africa Golden Bank,2026-06-22,True,
AGB,Africa Golden Bank,all_individuals,Carte,card_gimac_annual,Carte My Combi,not_applicable,recurring,annual,10000,annual,10000,,,,,,,XAF,HT,,Conditions tarifaires Africa Golden Bank,2026-06-22,True,
AGB,Africa Golden Bank,all_individuals,Chèque,cheque_bank_issue,Émission chèque de banque ordinaire,branch,transactional,per_operation,,per_operation,,5000,,,,,,XAF,HT,,Conditions tarifaires Africa Golden Bank,2026-06-22,True,
AGB,Africa Golden Bank,all_individuals,Chèque,cheque_certification,Émission chèque certifié ordinaire,branch,transactional,per_operation,,per_operation,,5000,,,,,,XAF,HT,,Conditions tarifaires Africa Golden Bank,2026-06-22,True,
AGB,Africa Golden Bank,all_individuals,Banque à distance,internet_banking_subscription,Golden Online particuliers,digital,recurring,annual,1000,monthly,12000,,,,,,,XAF,HT,,Conditions tarifaires Africa Golden Bank,2026-06-22,True,
AGB,Africa Golden Bank,all_individuals,Banque à distance,sms_banking_subscription,Golden Mobile SMS - personnes physiques,digital,recurring,annual,0,annual,0,,,,,,,XAF,HT,,Conditions tarifaires Africa Golden Bank,2026-06-22,True,
AFG,AFG Bank Cameroon,all_individuals,Compte,account_opening,Ouverture de compte,not_applicable,one_time,one_off,,one_off,,,0,,,,,XAF,HT,,Grille tarifaire AFG Bank particuliers,2026-06-22,True,
AFG,AFG Bank Cameroon,individual_salaried,Compte,initial_deposit_salary,Dépôt initial compte chèque - particuliers salariés,not_applicable,condition,not_applicable,,not_applicable,,,,0,,,,XAF,HT,,Grille tarifaire AFG Bank particuliers,2026-06-22,True,
AFG,AFG Bank Cameroon,individual_non_salaried,Compte,initial_deposit_non_salary,Dépôt initial compte chèque - particuliers non-salariés,not_applicable,condition,not_applicable,,not_applicable,,,,10000,,,,XAF,HT,,Grille tarifaire AFG Bank particuliers,2026-06-22,True,
AFG,AFG Bank Cameroon,individual_student,Compte,initial_deposit_student,Dépôt initial compte chèque - particuliers étudiants,not_applicable,condition,not_applicable,,not_applicable,,,,5000,,,,XAF,HT,,Grille tarifaire AFG Bank particuliers,2026-06-22,True,
AFG,AFG Bank Cameroon,all_individuals,Compte,account_maintenance,Frais de tenue de compte - particuliers non commerçants,not_applicable,recurring,annual,0,annual,0,,,,,,,XAF,HT,Particuliers non commerçants,Grille tarifaire AFG Bank particuliers,2026-06-22,True,
AFG,AFG Bank Cameroon,all_individuals,Compte,account_closure,Clôture de compte,not_applicable,one_time,one_off,,one_off,,,5000,,,,,XAF,HT,,Grille tarifaire AFG Bank particuliers,2026-06-22,True,
AFG,AFG Bank Cameroon,all_individuals,Compte,rib_issuance,Délivrance du Relevé d'Identité Bancaire,not_applicable,one_time,one_off,,one_off,,,0,,,,,XAF,HT,,Grille tarifaire AFG Bank particuliers,2026-06-22,True,
AFG,AFG Bank Cameroon,all_individuals,Virement,local_transfer_internal,Virement de compte à compte,not_applicable,transactional,per_operation,,per_operation,,0,,,,,,XAF,HT,,Grille tarifaire AFG Bank particuliers,2026-06-22,True,
AFG,AFG Bank Cameroon,all_individuals,Virement,local_transfer_systac,Virement interbancaire SYSTAC,branch,transactional,per_operation,,per_operation,,5000,,,,,,XAF,HT,,Grille tarifaire AFG Bank particuliers,2026-06-22,True,
AFG,AFG Bank Cameroon,all_individuals,Virement,local_transfer_systac,Frais de virement interbancaire SYSTAC via E-RELEVE,digital,transactional,per_operation,,per_operation,,3000,,,,,,XAF,HT,Via E-Relevé / canal digital,Grille tarifaire AFG Bank particuliers,2026-06-22,True,
AFG,AFG Bank Cameroon,all_individuals,Virement,local_transfer_syigma,Virement interbancaire SYGMA,branch,transactional,per_operation,,per_operation,,25000,,,,,,XAF,HT,,Grille tarifaire AFG Bank particuliers,2026-06-22,True,
AFG,AFG Bank Cameroon,all_individuals,Virement,standing_order_setup,Mise en place du virement permanent,not_applicable,one_time,one_off,,one_off,,,10000,,,,,XAF,HT,Hors fonctionnaires et salariés gratuits,Grille tarifaire AFG Bank particuliers,2026-06-22,True,
AFG,AFG Bank Cameroon,all_individuals,Retrait,atm_withdrawal_own_bank,Retrait billets dans les guichets automatiques de l'établissement,atm,transactional,per_operation,,per_operation,,0,,,,,,XAF,HT,,Grille tarifaire AFG Bank particuliers,2026-06-22,True,
AFG,AFG Bank Cameroon,all_individuals,Retrait,atm_withdrawal_gimac,Retrait d'espèces sur GAB confrères GIMAC,atm,transactional,per_operation,,per_operation,,,,,1,500,1000,XAF,HT,1% du montant avec min 500 FCFA max 1 000 FCFA,Grille tarifaire AFG Bank particuliers,2026-06-22,True,
AFG,AFG Bank Cameroon,all_individuals,Chèque,cheque_bank_issue,Émission chèque de banque,branch,transactional,per_operation,,per_operation,,4000,,,,,,XAF,HT,,Grille tarifaire AFG Bank particuliers,2026-06-22,True,
AFG,AFG Bank Cameroon,all_individuals,Banque à distance,internet_banking_subscription,AFG e-Bank,digital,recurring,annual,1500,monthly,18000,,,,,,,XAF,HT,,Grille tarifaire AFG Bank particuliers,2026-06-22,True,
