bank_code,bank_name,legal_name,head_office,phone,group,website,tariff_source,tariff_effective_date,tariff_publication,data_collection_status
ACCESS,Access Bank,Access Bank Cameroon PLC,Douala,(+234) 12 71 2005 / (+234) 18 77 1496,Access Bank Group (Nigéria),https://cameroon.accessbankplc.com/,https://cameroon.accessbankplc.com/access/media/Media-PDF-Attachment/Quarterly-Banking-Conditions.pdf,2026-07-01,yes,tariff_normalized
AGB,Africa Golden Bank,Africa Golden Bank S.A.,Douala,(+237) 694 22 28 47,Indépendant,https://africagoldenbank.com/,https://africagoldenbank.com/wp-content/uploads/2025/06/CONDITION-DE-BANQUE-2e-trimestre-2025.pdf,2025-07-01,yes,tariff_normalized
AFRILAND,Afriland First Bank,Afriland First Bank,Yaoundé,222 22 30 68,Afriland First Group,https://www.afrilandfirstbank.com/,https://www.afrilandfirstbank.com/wp-content/uploads/2026/07/Tarification_AFB_Particulier_2026-2.pdf,2026-01-01,yes,tariff_normalized
AFG,AFG Bank Cameroun,Atlantic Financial Group Bank Cameroun,Douala,233 42 10 66,Atlantic Financial Group,https://afgbank.cm/,https://afgbank.cm/files/2026/07/Press-Version-Press-CONDITION-FR-2026-Juillet.pdf,2026-07-01,yes,tariff_normalized
BANGE,BANGE Bank Cameroun,BANGE Bank Cameroun,Yaoundé,(+240) 333 09 95 76 / (+240) 333 09 95 61,BANGE (Guinée équatoriale),,,,unknown,to_collect
BCPME,BC-PME,Banque Camerounaise des Petites et Moyennes Entreprises,Douala,222 51 03 03 / 681 58 21 00,Etat du Cameroun / partenaires,,,,unknown,to_collect
BGFI,BGFIBANK Cameroun,Banque Gabonaise pour le Financement International,Douala,233 42 64 64,Groupe BGFI (Gabon),,,,unknown,to_collect
BICEC,BICEC,Banque Internationale du Cameroun pour l'Epargne et le Crédit,Douala,233 42 85 76,Groupe BPCE (France),https://www.bicec.com/,https://www.bicec.com/pdf/BICEC_Conditions%20de%20banque_Particuliers_VA-VF_Mars2026.pdf,2026-03-01,yes,tariff_normalized
CITI,Citibank Cameroun,Citibank Cameroun,Douala,233 42 42 72,Citigroup (Etats-Unis),,,,unknown,to_collect
CBC,Commercial Bank,Commercial Bank of Cameroon,Douala,233 42 02 02,Indépendant (cotée DSX),https://commercialbank-cm.com/,https://commercialbank-cm.com/wp-content/uploads/2019/09/CB-PARTICULIERS-OCT-2025.pdf,2025-10-01,yes,tariff_normalized
CCA,CCA-BANK,Crédit Communautaire d'Afrique-Bank S.A.,Douala,222 22 84 77 / 222 22 13 87,Groupe CCA,https://www.cca-bank.com/fr,https://www.cca-bank.com/assets/tarifaires/cca-bank-tarifaire-2e-trimestre-2026-fr.pdf,2026-04-01,yes,tariff_normalized
ECOBANK,Ecobank Cameroun,Ecobank Cameroun,Douala,,Ecobank Transnational (Togo),https://www.ecobank.com,,,unknown,to_collect
NFC,NFC-Bank,National Financial Credit-Bank,Yaoundé,222 20 28 23,Indépendant,,,,unknown,to_collect
REGIONALE,La Régionale Bank,La Régionale Bank,Yaoundé,+237 222 22 02 39 / 222 22 66 55,Indépendant,,,,unknown,to_collect
SCB,SCB Cameroun,Société Commerciale de Banque-Cameroun,Douala,233 43 53 00,Groupe Attijariwafa bank (Maroc),https://www.scbcameroun.net/,https://www.scbcameroun.net/conditions-tarifaires-scbcameroun/29-les-conditions-de-banque-du-t2-2026/file,2026-04-01,yes,tariff_normalized
SCBC,Standard Chartered,Standard Chartered Bank Cameroon,Douala,233 43 52 00,Standard Chartered (Royaume-Uni),,,,unknown,to_collect
SGC,Société Générale Cameroun,Société Générale Cameroun,Douala,233 50 18 18,Groupe Société Générale (France),https://societegenerale.cm/fr/,https://particuliers.societegenerale.cm/fileadmin/user_upload/Cameroun/PDF/2026/T3_-_2026/CLIPRI-T-3-2026-60X80-VF.pdf,2026-07-01,yes,tariff_normalized
UBA,UBA Cameroun,United Bank for Africa Cameroon S.A.,Douala,233 43 36 39,UBA Group (Nigéria),https://www.ubacameroon.com/,https://www.ubacameroon.com/wp-content/uploads/sites/8/2026/08/CONDITIONS-DE-BANQUE-APPLICABLES-A-LA-CLIENTELE-JUILLET-SEPTEMBRE-2026.pdf,2026-07-01,yes,tariff_normalized
UBC,UBC,Union Bank of Cameroon,Douala,233 36 23 14,Indépendant,,,,unknown,to_collect
