bank_code,feature_key,feature_name,available,source,observation_date
ACCESS,consultation_solde,Consultation solde,inconnu,à collecter,
ACCESS,virement_interne,Virement interne,inconnu,à collecter,
ACCESS,virement_instantane,Virement instantané,inconnu,à collecter,
ACCESS,paiement_marchand,Paiement marchand,inconnu,à collecter,
ACCESS,paiement_factures,Paiement de factures,inconnu,à collecter,
ACCESS,gestion_carte,Gestion de carte,inconnu,à collecter,
ACCESS,ouverture_compte_en_ligne,Ouverture de compte en ligne,inconnu,à collecter,
ACCESS,demande_credit_en_ligne,Demande de crédit en ligne,inconnu,à collecter,
ACCESS,notifications_push,Notifications push,inconnu,à collecter,
AFRILAND,consultation_solde,Consultation solde,inconnu,à collecter,
AFRILAND,virement_interne,Virement interne,inconnu,à collecter,
AFRILAND,virement_instantane,Virement instantané,inconnu,à collecter,
AFRILAND,paiement_marchand,Paiement marchand,inconnu,à collecter,
AFRILAND,paiement_factures,Paiement de factures,inconnu,à collecter,
AFRILAND,gestion_carte,Gestion de carte,inconnu,à collecter,
AFRILAND,ouverture_compte_en_ligne,Ouverture de compte en ligne,inconnu,à collecter,
AFRILAND,demande_credit_en_ligne,Demande de crédit en ligne,inconnu,à collecter,
AFRILAND,notifications_push,Notifications push,inconnu,à collecter,
BICEC,consultation_solde,Consultation solde,inconnu,à collecter,
BICEC,virement_interne,Virement interne,inconnu,à collecter,
BICEC,virement_instantane,Virement instantané,inconnu,à collecter,
BICEC,paiement_marchand,Paiement marchand,inconnu,à collecter,
BICEC,paiement_factures,Paiement de factures,inconnu,à collecter,
BICEC,gestion_carte,Gestion de carte,inconnu,à collecter,
BICEC,ouverture_compte_en_ligne,Ouverture de compte en ligne,inconnu,à collecter,
BICEC,demande_credit_en_ligne,Demande de crédit en ligne,inconnu,à collecter,
BICEC,notifications_push,Notifications push,inconnu,à collecter,
CCA,consultation_solde,Consultation solde,inconnu,à collecter,
CCA,virement_interne,Virement interne,inconnu,à collecter,
CCA,virement_instantane,Virement instantané,inconnu,à collecter,
CCA,paiement_marchand,Paiement marchand,inconnu,à collecter,
CCA,paiement_factures,Paiement de factures,inconnu,à collecter,
CCA,gestion_carte,Gestion de carte,inconnu,à collecter,
CCA,ouverture_compte_en_ligne,Ouverture de compte en ligne,inconnu,à collecter,
CCA,demande_credit_en_ligne,Demande de crédit en ligne,inconnu,à collecter,
CCA,notifications_push,Notifications push,inconnu,à collecter,
CBC,consultation_solde,Consultation solde,inconnu,à collecter,
CBC,virement_interne,Virement interne,inconnu,à collecter,
CBC,virement_instantane,Virement instantané,inconnu,à collecter,
CBC,paiement_marchand,Paiement marchand,inconnu,à collecter,
CBC,paiement_factures,Paiement de factures,inconnu,à collecter,
CBC,gestion_carte,Gestion de carte,inconnu,à collecter,
CBC,ouverture_compte_en_ligne,Ouverture de compte en ligne,inconnu,à collecter,
CBC,demande_credit_en_ligne,Demande de crédit en ligne,inconnu,à collecter,
CBC,notifications_push,Notifications push,inconnu,à collecter,
SCB,consultation_solde,Consultation solde,inconnu,à collecter,
SCB,virement_interne,Virement interne,inconnu,à collecter,
SCB,virement_instantane,Virement instantané,inconnu,à collecter,
SCB,paiement_marchand,Paiement marchand,inconnu,à collecter,
SCB,paiement_factures,Paiement de factures,inconnu,à collecter,
SCB,gestion_carte,Gestion de carte,inconnu,à collecter,
SCB,ouverture_compte_en_ligne,Ouverture de compte en ligne,inconnu,à collecter,
SCB,demande_credit_en_ligne,Demande de crédit en ligne,inconnu,à collecter,
SCB,notifications_push,Notifications push,inconnu,à collecter,
SGC,consultation_solde,Consultation solde,inconnu,à collecter,
SGC,virement_interne,Virement interne,inconnu,à collecter,
SGC,virement_instantane,Virement instantané,inconnu,à collecter,
SGC,paiement_marchand,Paiement marchand,inconnu,à collecter,
SGC,paiement_factures,Paiement de factures,inconnu,à collecter,
SGC,gestion_carte,Gestion de carte,inconnu,à collecter,
SGC,ouverture_compte_en_ligne,Ouverture de compte en ligne,inconnu,à collecter,
SGC,demande_credit_en_ligne,Demande de crédit en ligne,inconnu,à collecter,
SGC,notifications_push,Notifications push,inconnu,à collecter,
UBA,consultation_solde,Consultation solde,inconnu,à collecter,
UBA,virement_interne,Virement interne,inconnu,à collecter,
UBA,virement_instantane,Virement instantané,inconnu,à collecter,
UBA,paiement_marchand,Paiement marchand,inconnu,à collecter,
UBA,paiement_factures,Paiement de factures,inconnu,à collecter,
UBA,gestion_carte,Gestion de carte,inconnu,à collecter,
UBA,ouverture_compte_en_ligne,Ouverture de compte en ligne,inconnu,à collecter,
UBA,demande_credit_en_ligne,Demande de crédit en ligne,inconnu,à collecter,
UBA,notifications_push,Notifications push,inconnu,à collecter,
AGB,consultation_solde,Consultation solde,inconnu,à collecter,
AGB,virement_interne,Virement interne,inconnu,à collecter,
AGB,virement_instantane,Virement instantané,inconnu,à collecter,
AGB,paiement_marchand,Paiement marchand,inconnu,à collecter,
AGB,paiement_factures,Paiement de factures,inconnu,à collecter,
AGB,gestion_carte,Gestion de carte,inconnu,à collecter,
AGB,ouverture_compte_en_ligne,Ouverture de compte en ligne,inconnu,à collecter,
AGB,demande_credit_en_ligne,Demande de crédit en ligne,inconnu,à collecter,
AGB,notifications_push,Notifications push,inconnu,à collecter,
AFG,consultation_solde,Consultation solde,inconnu,à collecter,
AFG,virement_interne,Virement interne,inconnu,à collecter,
AFG,virement_instantane,Virement instantané,inconnu,à collecter,
AFG,paiement_marchand,Paiement marchand,inconnu,à collecter,
AFG,paiement_factures,Paiement de factures,inconnu,à collecter,
AFG,gestion_carte,Gestion de carte,inconnu,à collecter,
AFG,ouverture_compte_en_ligne,Ouverture de compte en ligne,inconnu,à collecter,
AFG,demande_credit_en_ligne,Demande de crédit en ligne,inconnu,à collecter,
AFG,notifications_push,Notifications push,inconnu,à collecter,
