bank_code,year,metric_key,metric_name,value,unit,source,publication_date
ACCESS,2024,total_bilan,Total bilan,,XAF,à collecter,
ACCESS,2024,ratio_solvabilite,Ratio de solvabilité,,%,à collecter,
ACCESS,2024,total_depots,Total dépôts,,XAF,à collecter,
ACCESS,2024,total_credits,Total crédits bruts,,XAF,à collecter,
ACCESS,2024,fonds_propres_nets,Fonds propres nets,,XAF,à collecter,
AFRILAND,2024,total_bilan,Total bilan,,XAF,à collecter,
AFRILAND,2024,ratio_solvabilite,Ratio de solvabilité,,%,à collecter,
AFRILAND,2024,total_depots,Total dépôts,,XAF,à collecter,
AFRILAND,2024,total_credits,Total crédits bruts,,XAF,à collecter,
AFRILAND,2024,fonds_propres_nets,Fonds propres nets,,XAF,à collecter,
BICEC,2024,total_bilan,Total bilan,,XAF,à collecter,
BICEC,2024,ratio_solvabilite,Ratio de solvabilité,,%,à collecter,
BICEC,2024,total_depots,Total dépôts,,XAF,à collecter,
BICEC,2024,total_credits,Total crédits bruts,,XAF,à collecter,
BICEC,2024,fonds_propres_nets,Fonds propres nets,,XAF,à collecter,
CCA,2024,total_bilan,Total bilan,,XAF,à collecter,
CCA,2024,ratio_solvabilite,Ratio de solvabilité,,%,à collecter,
CCA,2024,total_depots,Total dépôts,,XAF,à collecter,
CCA,2024,total_credits,Total crédits bruts,,XAF,à collecter,
CCA,2024,fonds_propres_nets,Fonds propres nets,,XAF,à collecter,
CBC,2024,total_bilan,Total bilan,,XAF,à collecter,
CBC,2024,ratio_solvabilite,Ratio de solvabilité,,%,à collecter,
CBC,2024,total_depots,Total dépôts,,XAF,à collecter,
CBC,2024,total_credits,Total crédits bruts,,XAF,à collecter,
CBC,2024,fonds_propres_nets,Fonds propres nets,,XAF,à collecter,
SCB,2024,total_bilan,Total bilan,,XAF,à collecter,
SCB,2024,ratio_solvabilite,Ratio de solvabilité,,%,à collecter,
SCB,2024,total_depots,Total dépôts,,XAF,à collecter,
SCB,2024,total_credits,Total crédits bruts,,XAF,à collecter,
SCB,2024,fonds_propres_nets,Fonds propres nets,,XAF,à collecter,
SGC,2024,total_bilan,Total bilan,,XAF,à collecter,
SGC,2024,ratio_solvabilite,Ratio de solvabilité,,%,à collecter,
SGC,2024,total_depots,Total dépôts,,XAF,à collecter,
SGC,2024,total_credits,Total crédits bruts,,XAF,à collecter,
SGC,2024,fonds_propres_nets,Fonds propres nets,,XAF,à collecter,
UBA,2024,total_bilan,Total bilan,,XAF,à collecter,
UBA,2024,ratio_solvabilite,Ratio de solvabilité,,%,à collecter,
UBA,2024,total_depots,Total dépôts,,XAF,à collecter,
UBA,2024,total_credits,Total crédits bruts,,XAF,à collecter,
UBA,2024,fonds_propres_nets,Fonds propres nets,,XAF,à collecter,
AGB,2024,total_bilan,Total bilan,,XAF,à collecter,
AGB,2024,ratio_solvabilite,Ratio de solvabilité,,%,à collecter,
AGB,2024,total_depots,Total dépôts,,XAF,à collecter,
AGB,2024,total_credits,Total crédits bruts,,XAF,à collecter,
AGB,2024,fonds_propres_nets,Fonds propres nets,,XAF,à collecter,
AFG,2024,total_bilan,Total bilan,,XAF,à collecter,
AFG,2024,ratio_solvabilite,Ratio de solvabilité,,%,à collecter,
AFG,2024,total_depots,Total dépôts,,XAF,à collecter,
AFG,2024,total_credits,Total crédits bruts,,XAF,à collecter,
AFG,2024,fonds_propres_nets,Fonds propres nets,,XAF,à collecter,
