bank_code,region,city,agency_count,source,observation_date
AFRILAND,Centre,Yaoundé,,à collecter,
AFRILAND,Littoral,Douala,,à collecter,
SGC,Centre,Yaoundé,,à collecter,
SGC,Littoral,Douala,,à collecter,
BICEC,Centre,Yaoundé,,à collecter,
BICEC,Littoral,Douala,,à collecter,
ACCESS,Littoral,Douala,,à collecter,
SCB,Centre,Yaoundé,,à collecter,
SCB,Littoral,Douala,,à collecter,
UBA,Centre,Yaoundé,,à collecter,
UBA,Littoral,Douala,,à collecter,
CBC,Littoral,Douala,,à collecter,
CCA,Littoral,Douala,,à collecter,
ECOBANK,Littoral,Douala,,à collecter,
AGB,Littoral,Douala,,à collecter,
AFG,Littoral,Douala,,à collecter,
