bank_code,product_category,product_name,available,conditions_published,published_rate,published_duration,source,observation_date
ACCESS,compte_courant,Compte courant,oui,oui,,,site officiel,
ACCESS,epargne,Compte épargne,inconnu,non,,,à collecter,
ACCESS,credit_immobilier,Crédit immobilier,inconnu,non,,,à collecter,
ACCESS,credit_consommation,Crédit consommation,inconnu,non,,,à collecter,
ACCESS,credit_pme,Crédit PME/TPE,inconnu,non,,,à collecter,
ACCESS,assurance,Assurance (bancassurance),inconnu,non,,,à collecter,
ACCESS,transfert_international,Transfert international,inconnu,non,,,à collecter,
AFRILAND,compte_courant,Compte courant,oui,oui,,,site officiel,
AFRILAND,epargne,Compte épargne,inconnu,non,,,à collecter,
AFRILAND,credit_immobilier,Crédit immobilier,inconnu,non,,,à collecter,
AFRILAND,credit_consommation,Crédit consommation,inconnu,non,,,à collecter,
AFRILAND,credit_pme,Crédit PME/TPE,inconnu,non,,,à collecter,
AFRILAND,assurance,Assurance (bancassurance),inconnu,non,,,à collecter,
AFRILAND,transfert_international,Transfert international,inconnu,non,,,à collecter,
BICEC,compte_courant,Compte courant,oui,oui,,,site officiel,
BICEC,epargne,Compte épargne,inconnu,non,,,à collecter,
BICEC,credit_immobilier,Crédit immobilier,inconnu,non,,,à collecter,
BICEC,credit_consommation,Crédit consommation,inconnu,non,,,à collecter,
BICEC,credit_pme,Crédit PME/TPE,inconnu,non,,,à collecter,
BICEC,assurance,Assurance (bancassurance),inconnu,non,,,à collecter,
BICEC,transfert_international,Transfert international,inconnu,non,,,à collecter,
CCA,compte_courant,Compte courant,oui,oui,,,site officiel,
CCA,epargne,Compte épargne,inconnu,non,,,à collecter,
CCA,credit_immobilier,Crédit immobilier,inconnu,non,,,à collecter,
CCA,credit_consommation,Crédit consommation,inconnu,non,,,à collecter,
CCA,credit_pme,Crédit PME/TPE,inconnu,non,,,à collecter,
CCA,assurance,Assurance (bancassurance),inconnu,non,,,à collecter,
CCA,transfert_international,Transfert international,inconnu,non,,,à collecter,
CBC,compte_courant,Compte courant,oui,oui,,,site officiel,
CBC,epargne,Compte épargne,inconnu,non,,,à collecter,
CBC,credit_immobilier,Crédit immobilier,inconnu,non,,,à collecter,
CBC,credit_consommation,Crédit consommation,inconnu,non,,,à collecter,
CBC,credit_pme,Crédit PME/TPE,inconnu,non,,,à collecter,
CBC,assurance,Assurance (bancassurance),inconnu,non,,,à collecter,
CBC,transfert_international,Transfert international,inconnu,non,,,à collecter,
SCB,compte_courant,Compte courant,oui,oui,,,site officiel,
SCB,epargne,Compte épargne,inconnu,non,,,à collecter,
SCB,credit_immobilier,Crédit immobilier,inconnu,non,,,à collecter,
SCB,credit_consommation,Crédit consommation,inconnu,non,,,à collecter,
SCB,credit_pme,Crédit PME/TPE,inconnu,non,,,à collecter,
SCB,assurance,Assurance (bancassurance),inconnu,non,,,à collecter,
SCB,transfert_international,Transfert international,inconnu,non,,,à collecter,
SGC,compte_courant,Compte courant,oui,oui,,,site officiel,
SGC,epargne,Compte épargne,inconnu,non,,,à collecter,
SGC,credit_immobilier,Crédit immobilier,inconnu,non,,,à collecter,
SGC,credit_consommation,Crédit consommation,inconnu,non,,,à collecter,
SGC,credit_pme,Crédit PME/TPE,inconnu,non,,,à collecter,
SGC,assurance,Assurance (bancassurance),inconnu,non,,,à collecter,
SGC,transfert_international,Transfert international,inconnu,non,,,à collecter,
UBA,compte_courant,Compte courant,oui,oui,,,site officiel,
UBA,epargne,Compte épargne,inconnu,non,,,à collecter,
UBA,credit_immobilier,Crédit immobilier,inconnu,non,,,à collecter,
UBA,credit_consommation,Crédit consommation,inconnu,non,,,à collecter,
UBA,credit_pme,Crédit PME/TPE,inconnu,non,,,à collecter,
UBA,assurance,Assurance (bancassurance),inconnu,non,,,à collecter,
UBA,transfert_international,Transfert international,inconnu,non,,,à collecter,
AGB,compte_courant,Compte courant,oui,oui,,,site officiel,
AGB,epargne,Compte épargne,inconnu,non,,,à collecter,
AGB,credit_immobilier,Crédit immobilier,inconnu,non,,,à collecter,
AGB,credit_consommation,Crédit consommation,inconnu,non,,,à collecter,
AGB,credit_pme,Crédit PME/TPE,inconnu,non,,,à collecter,
AGB,assurance,Assurance (bancassurance),inconnu,non,,,à collecter,
AGB,transfert_international,Transfert international,inconnu,non,,,à collecter,
AFG,compte_courant,Compte courant,oui,oui,,,site officiel,
AFG,epargne,Compte épargne,inconnu,non,,,à collecter,
AFG,credit_immobilier,Crédit immobilier,inconnu,non,,,à collecter,
AFG,credit_consommation,Crédit consommation,inconnu,non,,,à collecter,
AFG,credit_pme,Crédit PME/TPE,inconnu,non,,,à collecter,
AFG,assurance,Assurance (bancassurance),inconnu,non,,,à collecter,
AFG,transfert_international,Transfert international,inconnu,non,,,à collecter,
